fsid,One Alpha,CPPO (max),CPPO (min)
1,0.314629,0.56136,0.703026
3,0.628732,0.664133,0.853689
5,0.86463,0.896667,0.903333