fsid,One Alpha,CPPO
1,0.314629,0.56136
3,0.628732,0.664133
5,0.86463,0.896667